com.samsung.shealth.tracker.pedometer_day_summary,6091017,5,,,,,,,,,,,,,,,,
create_time,distance,achievement,step_count,recommendation,day_time,speed,deviceuuid,active_time,source_package_name,pkg_name,update_time,walk_step_count,binning_data,datauuid,calorie,run_step_count,source_info,healthy_step
2020-02-04 04:00:11.869,7922.385,978233c3-b753-4e71-b3cf-56f45ce8d65b.achievement.json,9306,6000,1580688000000,4.248104,LEU3VEaDjN,4422007,com.sec.android.app.shealth,com.sec.android.app.shealth,2020-02-04 04:00:11.869,7667,978233c3-b753-4e71-b3cf-56f45ce8d65b.binning_data.json,978233c3-b753-4e71-b3cf-56f45ce8d65b,404.1256,1639,,0
2020-02-19 04:00:04.947,8432.294,4b3af8f8-8bd5-46f7-9cd7-b6ebd8acbd3c.achievement.json,10201,6000,1581984000000,3.4835396,LEU3VEaDjN,4878287,com.sec.android.app.shealth,com.sec.android.app.shealth,2020-02-19 04:00:04.947,8930,4b3af8f8-8bd5-46f7-9cd7-b6ebd8acbd3c.binning_data.json,4b3af8f8-8bd5-46f7-9cd7-b6ebd8acbd3c,418.66907,1271,,0
2020-03-05 04:00:01.897,9711.357,bd1ed591-d41a-434e-ab5b-745e7e0e955f.achievement.json,11526,6000,1583280000000,4.010074,LEU3VEaDjN,5566383,com.sec.android.app.shealth,com.sec.android.app.shealth,2020-03-05 04:00:01.897,9688,bd1ed591-d41a-434e-ab5b-745e7e0e955f.binning_data.json,bd1ed591-d41a-434e-ab5b-745e7e0e955f,492.73148,1838,,0
2020-02-25 04:00:01.331,2874.678,96db55bb-4bf4-40b7-9564-2212d8788994.achievement.json,3482,6000,1582502400000,6.9444447,LEU3VEaDjN,1825286,com.sec.android.app.shealth,com.sec.android.app.shealth,2020-02-25 04:00:01.331,3405,96db55bb-4bf4-40b7-9564-2212d8788994.binning_data.json,96db55bb-4bf4-40b7-9564-2212d8788994,133.55302,77,,0
2020-01-26 04:04:08.264,1917.5487,686a41e6-6f60-49a7-a4db-d63f144729e1.achievement.json,2382,6000,1579996800000,1.5912637,VfS0qUERdZ,1205047,com.sec.android.app.shealth,com.sec.android.app.shealth,2020-01-27 03:29:58.285,2311,686a41e6-6f60-49a7-a4db-d63f144729e1.binning_data.json,686a41e6-6f60-49a7-a4db-d63f144729e1,89.44045,71,686a41e6-6f60-49a7-a4db-d63f144729e1.source_info.json,0
2020-02-29 04:00:05.587,7892.4507,65492a73-19fe-4ea4-aa42-e4c73cf23122.achievement.json,9303,6000,1582848000000,3.3956375,LEU3VEaDjN,4613095,com.sec.android.app.shealth,com.sec.android.app.shealth,2020-02-29 04:00:05.587,7411,65492a73-19fe-4ea4-aa42-e4c73cf23122.binning_data.json,65492a73-19fe-4ea4-aa42-e4c73cf23122,415.73468,1892,,0
2020-02-01 04:00:00.749,13601.091,24d970b9-81ff-4d4b-83a2-3e6127cfc9f0.achievement.json,15859,6000,1580428800000,4.7320685,LEU3VEaDjN,7180868,com.sec.android.app.shealth,com.sec.android.app.shealth,2020-02-01 04:00:00.749,14328,24d970b9-81ff-4d4b-83a2-3e6127cfc9f0.binning_data.json,24d970b9-81ff-4d4b-83a2-3e6127cfc9f0,655.43695,1531,,0
2020-01-14 10:00:50.419,8793.276,60382dee-9623-448a-ad08-b4603faf227c.achievement.json,10126,6000,1578960000000,1.8542451,VfS0qUERdZ,4742240,com.sec.android.app.shealth,com.sec.android.app.shealth,2020-01-15 03:25:31.993,7999,60382dee-9623-448a-ad08-b4603faf227c.binning_data.json,60382dee-9623-448a-ad08-b4603faf227c,459.79532,2127,60382dee-9623-448a-ad08-b4603faf227c.source_info.json,0
2020-01-31 10:02:06.617,13601.091,1d8e75f0-9f39-4d32-a5fe-0f2d9ab59766.achievement.json,15859,6000,1580428800000,1.8940414,VfS0qUERdZ,7180988,com.sec.android.app.shealth,com.sec.android.app.shealth,2020-02-01 03:09:52.869,14328,1d8e75f0-9f39-4d32-a5fe-0f2d9ab59766.binning_data.json,1d8e75f0-9f39-4d32-a5fe-0f2d9ab59766,655.43695,1531,1d8e75f0-9f39-4d32-a5fe-0f2d9ab59766.source_info.json,0
2020-03-02 04:58:19.815,7692.9355,101c50f2-6e1f-48ef-be7c-98310190bb1d.achievement.json,9333,6000,1583107200000,1.6554644,VfS0qUERdZ,4646995,com.sec.android.app.shealth,com.sec.android.app.shealth,2020-03-03 02:11:57.130,8476,101c50f2-6e1f-48ef-be7c-98310190bb1d.binning_data.json,101c50f2-6e1f-48ef-be7c-98310190bb1d,375.5292,857,101c50f2-6e1f-48ef-be7c-98310190bb1d.source_info.json,0
2020-03-11 10:02:42.983,9958.486,83c82e28-6dcc-4c13-981c-73a8d6e5aea9.achievement.json,11580,6000,1583884800000,1.8071129,VfS0qUERdZ,5510716,com.sec.android.app.shealth,com.sec.android.app.shealth,2020-03-12 02:29:27.029,9452,83c82e28-6dcc-4c13-981c-73a8d6e5aea9.binning_data.json,83c82e28-6dcc-4c13-981c-73a8d6e5aea9,515.64374,2128,83c82e28-6dcc-4c13-981c-73a8d6e5aea9.source_info.json,0
2020-02-17 10:01:36.762,7899.296,d7fd0ad8-cb2a-410e-93bf-d4c0220e4a68.achievement.json,9745,6000,1581897600000,1.6122773,VfS0qUERdZ,4899465,com.sec.android.app.shealth,com.sec.android.app.shealth,2020-02-18 03:36:35.308,8937,d7fd0ad8-cb2a-410e-93bf-d4c0220e4a68.binning_data.json,d7fd0ad8-cb2a-410e-93bf-d4c0220e4a68,381.4127,808,d7fd0ad8-cb2a-410e-93bf-d4c0220e4a68.source_info.json,0
2020-01-29 10:00:26.618,14461.756,603f9a6e-afba-40c3-9cff-916b5ffca9be.achievement.json,16442,6000,1580256000000,1.9847503,VfS0qUERdZ,7286435,com.sec.android.app.shealth,com.sec.android.app.shealth,2020-01-30 02:47:39.422,13251,603f9a6e-afba-40c3-9cff-916b5ffca9be.binning_data.json,603f9a6e-afba-40c3-9cff-916b5ffca9be,735.43396,3191,603f9a6e-afba-40c3-9cff-916b5ffca9be.source_info.json,0
2020-02-16 17:26:19.449,4929.4766,eeb0af7a-780b-4465-b891-a6fbe6801211.achievement.json,6066,6000,1581724800000,5.0376425,LEU3VEaDjN,2967608,com.sec.android.app.shealth,com.sec.android.app.shealth,2020-02-16 17:26:19.449,5937,eeb0af7a-780b-4465-b891-a6fbe6801211.binning_data.json,eeb0af7a-780b-4465-b891-a6fbe6801211,227.0694,129,,0
2020-02-14 10:01:05.517,9262.737,39db6788-6f42-4369-b834-ff45dcfe02d8.achievement.json,10986,6000,1581638400000,1.7779158,VfS0qUERdZ,5209885,com.sec.android.app.shealth,com.sec.android.app.shealth,2020-02-15 02:47:26.269,9308,39db6788-6f42-4369-b834-ff45dcfe02d8.binning_data.json,39db6788-6f42-4369-b834-ff45dcfe02d8,464.84207,1678,39db6788-6f42-4369-b834-ff45dcfe02d8.source_info.json,0
2020-03-11 04:00:01.441,5635.875,636b2ae1-a789-46f2-901b-e85d84aeafae.achievement.json,7154,6000,1583798400000,3.329553,LEU3VEaDjN,3622043,com.sec.android.app.shealth,com.sec.android.app.shealth,2020-03-11 04:00:01.441,6947,636b2ae1-a789-46f2-901b-e85d84aeafae.binning_data.json,636b2ae1-a789-46f2-901b-e85d84aeafae,260.58807,207,,0
2020-02-10 10:01:56.596,5853.952,cdf47240-ba6b-40ed-82ee-6f7dba0cbe05.achievement.json,7377,6000,1581292800000,1.5100838,VfS0qUERdZ,3876574,com.sec.android.app.shealth,com.sec.android.app.shealth,2020-02-11 03:20:59.632,7258,cdf47240-ba6b-40ed-82ee-6f7dba0cbe05.binning_data.json,cdf47240-ba6b-40ed-82ee-6f7dba0cbe05,271.57996,119,cdf47240-ba6b-40ed-82ee-6f7dba0cbe05.source_info.json,0
2020-02-06 04:00:01.225,7952.6167,05ffb786-be19-496f-bdff-ebab6b0797ad.achievement.json,9361,6000,1580860800000,6.9444447,LEU3VEaDjN,4494017,com.sec.android.app.shealth,com.sec.android.app.shealth,2020-02-06 04:00:01.225,7742,05ffb786-be19-496f-bdff-ebab6b0797ad.binning_data.json,05ffb786-be19-496f-bdff-ebab6b0797ad,406.76614,1619,,0
2020-03-07 04:30:11.791,6809.635,b93825fb-93cc-4848-9991-346abcfd3c90.achievement.json,7644,6000,1583452800000,4.0479393,LEU3VEaDjN,3509727,com.sec.android.app.shealth,com.sec.android.app.shealth,2020-03-07 04:30:11.791,5767,b93825fb-93cc-4848-9991-346abcfd3c90.binning_data.json,b93825fb-93cc-4848-9991-346abcfd3c90,363.68924,1877,,0
2020-01-15 04:00:01.315,8793.276,bebdacc6-ea54-4cd4-a01e-ceaa0bb29461.achievement.json,10126,6000,1578960000000,3.4859498,LEU3VEaDjN,4742158,com.sec.android.app.shealth,com.sec.android.app.shealth,2020-01-15 04:00:01.315,7999,bebdacc6-ea54-4cd4-a01e-ceaa0bb29461.binning_data.json,bebdacc6-ea54-4cd4-a01e-ceaa0bb29461,459.79532,2127,,0
2020-01-26 04:00:00.838,1081.32,db1ce0c9-97f6-428b-a3ee-d508cfb458ac.achievement.json,1333,6000,1579910400000,6.9444447,LEU3VEaDjN,708936,com.sec.android.app.shealth,com.sec.android.app.shealth,2020-01-26 04:00:11.850,1328,db1ce0c9-97f6-428b-a3ee-d508cfb458ac.binning_data.json,db1ce0c9-97f6-428b-a3ee-d508cfb458ac,50.940926,5,,0
2020-02-05 10:00:48.467,7952.6167,c9b22757-8440-4f19-b66e-011ef15bf525.achievement.json,9361,6000,1580860800000,1.7695765,VfS0qUERdZ,4494078,com.sec.android.app.shealth,com.sec.android.app.shealth,2020-02-06 02:16:13.763,7742,c9b22757-8440-4f19-b66e-011ef15bf525.binning_data.json,c9b22757-8440-4f19-b66e-011ef15bf525,406.76614,1619,c9b22757-8440-4f19-b66e-011ef15bf525.source_info.json,0
2020-03-13 10:00:39.401,1196.2582,870612ed-cb4f-4765-b338-d5e6edc7dffa.achievement.json,1509,6000,1584057600000,1.5063002,VfS0qUERdZ,794169,com.sec.android.app.shealth,com.sec.android.app.shealth,2020-03-13 23:50:34.311,1454,870612ed-cb4f-4765-b338-d5e6edc7dffa.binning_data.json,870612ed-cb4f-4765-b338-d5e6edc7dffa,56.38392,55,870612ed-cb4f-4765-b338-d5e6edc7dffa.source_info.json,0
2020-02-17 04:00:02.806,2312.4841,128fc65f-8025-4b4f-9a6c-01fbb4b7cd86.achievement.json,2759,6000,1581811200000,5.357632,LEU3VEaDjN,1354453,com.sec.android.app.shealth,com.sec.android.app.shealth,2020-02-17 04:00:02.806,2543,128fc65f-8025-4b4f-9a6c-01fbb4b7cd86.binning_data.json,128fc65f-8025-4b4f-9a6c-01fbb4b7cd86,112.79531,216,,0
2020-02-02 04:00:01.057,3366.586,d2245b8a-4a0b-428b-b198-9f60f17ef5b9.achievement.json,3996,6000,1580515200000,6.9444447,LEU3VEaDjN,1902497,com.sec.android.app.shealth,com.sec.android.app.shealth,2020-02-02 04:00:01.057,3836,d2245b8a-4a0b-428b-b198-9f60f17ef5b9.binning_data.json,d2245b8a-4a0b-428b-b198-9f60f17ef5b9,157.79102,160,,0
2020-03-06 04:00:07.277,6390.217,1ff7fd60-7d56-49d5-ba40-5904351cd3a4.achievement.json,7618,6000,1583366400000,3.7104855,LEU3VEaDjN,3642876,com.sec.android.app.shealth,com.sec.android.app.shealth,2020-03-06 04:00:07.277,6452,1ff7fd60-7d56-49d5-ba40-5904351cd3a4.binning_data.json,1ff7fd60-7d56-49d5-ba40-5904351cd3a4,322.28177,1166,,0
2020-03-09 10:01:09.659,7378.3213,4b5c4321-b6fe-48b3-a8ba-d9a7cb01454d.achievement.json,9478,6000,1583712000000,1.4816039,VfS0qUERdZ,4979955,com.sec.android.app.shealth,com.sec.android.app.shealth,2020-03-10 04:00:03.062,9460,4b5c4321-b6fe-48b3-a8ba-d9a7cb01454d.binning_data.json,4b5c4321-b6fe-48b3-a8ba-d9a7cb01454d,337.54654,18,4b5c4321-b6fe-48b3-a8ba-d9a7cb01454d.source_info.json,0
2020-02-29 12:21:23.011,3050.4888,1f01ccba-0b00-4d45-823f-615a66398b81.achievement.json,3844,6000,1582934400000,1.5083915,VfS0qUERdZ,2022345,com.sec.android.app.shealth,com.sec.android.app.shealth,2020-03-01 04:00:02.147,3793,1f01ccba-0b00-4d45-823f-615a66398b81.binning_data.json,1f01ccba-0b00-4d45-823f-615a66398b81,140.20209,51,1f01ccba-0b00-4d45-823f-615a66398b81.source_info.json,0
2020-02-21 10:50:13.238,3930.9229,27569659-d233-4fc3-bf84-be65af3c3236.achievement.json,4872,6000,1582243200000,1.5447109,VfS0qUERdZ,2544763,com.sec.android.app.shealth,com.sec.android.app.shealth,2020-02-22 02:08:16.848,4717,27569659-d233-4fc3-bf84-be65af3c3236.binning_data.json,27569659-d233-4fc3-bf84-be65af3c3236,185.6473,155,27569659-d233-4fc3-bf84-be65af3c3236.source_info.json,0
2020-02-19 10:00:42.395,7082.9883,7f625e16-4f7e-4cf6-90a2-8d2dc38fb381.achievement.json,8702,6000,1582070400000,1.6387396,VfS0qUERdZ,4322217,com.sec.android.app.shealth,com.sec.android.app.shealth,2020-02-20 03:41:29.963,7995,7f625e16-4f7e-4cf6-90a2-8d2dc38fb381.binning_data.json,7f625e16-4f7e-4cf6-90a2-8d2dc38fb381,342.55713,707,7f625e16-4f7e-4cf6-90a2-8d2dc38fb381.source_info.json,0
2020-01-21 10:01:08.434,8754.57,a261e78c-ec14-46d3-a4d6-dfa6444ab7d7.achievement.json,10329,6000,1579564800000,1.8102603,VfS0qUERdZ,4836083,com.sec.android.app.shealth,com.sec.android.app.shealth,2020-01-22 03:48:16.446,8876,a261e78c-ec14-46d3-a4d6-dfa6444ab7d7.binning_data.json,a261e78c-ec14-46d3-a4d6-dfa6444ab7d7,436.38666,1453,a261e78c-ec14-46d3-a4d6-dfa6444ab7d7.source_info.json,0
2020-01-27 04:00:00.854,1917.5487,0f0bf95a-1d3e-4a0a-abc1-fd7818a0c0f3.achievement.json,2382,6000,1579996800000,2.641741,LEU3VEaDjN,1205004,com.sec.android.app.shealth,com.sec.android.app.shealth,2020-01-27 04:00:00.854,2311,0f0bf95a-1d3e-4a0a-abc1-fd7818a0c0f3.binning_data.json,0f0bf95a-1d3e-4a0a-abc1-fd7818a0c0f3,89.44045,71,,0
2020-03-04 10:04:46.400,9711.357,165cb157-7169-4893-aaa8-fbe00b08f13e.achievement.json,11526,6000,1583280000000,1.7446178,VfS0qUERdZ,5566467,com.sec.android.app.shealth,com.sec.android.app.shealth,2020-03-05 03:48:39.279,9688,165cb157-7169-4893-aaa8-fbe00b08f13e.binning_data.json,165cb157-7169-4893-aaa8-fbe00b08f13e,492.73148,1838,165cb157-7169-4893-aaa8-fbe00b08f13e.source_info.json,0
2020-02-16 17:38:22.537,2312.4841,76364a55-1020-42ef-a4b6-74d99b74ef1b.achievement.json,2759,6000,1581811200000,1.7072731,VfS0qUERdZ,1354489,com.sec.android.app.shealth,com.sec.android.app.shealth,2020-02-17 01:45:55.023,2543,76364a55-1020-42ef-a4b6-74d99b74ef1b.binning_data.json,76364a55-1020-42ef-a4b6-74d99b74ef1b,112.79531,216,76364a55-1020-42ef-a4b6-74d99b74ef1b.source_info.json,0
2020-01-20 04:00:01.455,700.3379,0bfe8696-8f7d-4a48-94ed-e541615f0fc0.achievement.json,856,6000,1579392000000,4.2030406,LEU3VEaDjN,434793,com.sec.android.app.shealth,com.sec.android.app.shealth,2020-01-20 04:00:01.455,832,0bfe8696-8f7d-4a48-94ed-e541615f0fc0.binning_data.json,0bfe8696-8f7d-4a48-94ed-e541615f0fc0,33.448776,24,,0
2020-01-22 04:00:00.914,8754.57,5ecf5a23-c14c-4869-a532-6bfa53f61d02.achievement.json,10329,6000,1579564800000,3.6030722,LEU3VEaDjN,4836000,com.sec.android.app.shealth,com.sec.android.app.shealth,2020-01-22 04:00:00.914,8876,5ecf5a23-c14c-4869-a532-6bfa53f61d02.binning_data.json,5ecf5a23-c14c-4869-a532-6bfa53f61d02,436.38666,1453,,0
2020-02-22 04:00:01.938,3930.9229,bdd8c3ed-9b5e-4fb1-a504-75437f85cd8b.achievement.json,4872,6000,1582243200000,6.3645535,LEU3VEaDjN,2544702,com.sec.android.app.shealth,com.sec.android.app.shealth,2020-02-22 04:00:01.938,4717,bdd8c3ed-9b5e-4fb1-a504-75437f85cd8b.binning_data.json,bdd8c3ed-9b5e-4fb1-a504-75437f85cd8b,185.6473,155,,0
2020-01-25 04:43:32.357,1081.32,16465feb-ac76-4eae-8c88-4da095bac79d.achievement.json,1333,6000,1579910400000,1.5252165,VfS0qUERdZ,708961,com.sec.android.app.shealth,com.sec.android.app.shealth,2020-01-27 04:00:01.177,1328,16465feb-ac76-4eae-8c88-4da095bac79d.binning_data.json,16465feb-ac76-4eae-8c88-4da095bac79d,50.940926,5,16465feb-ac76-4eae-8c88-4da095bac79d.source_info.json,0
2020-02-24 10:44:56.690,2874.678,1987cdd0-2f28-4942-b618-fc888a3ad51b.achievement.json,3482,6000,1582502400000,1.5748707,VfS0qUERdZ,1825342,com.sec.android.app.shealth,com.sec.android.app.shealth,2020-02-25 02:03:10.027,3405,1987cdd0-2f28-4942-b618-fc888a3ad51b.binning_data.json,1987cdd0-2f28-4942-b618-fc888a3ad51b,133.55302,77,1987cdd0-2f28-4942-b618-fc888a3ad51b.source_info.json,0
2020-03-08 04:00:01.872,1707.1581,1b67c987-0a51-4bec-a7bc-30f973bf25d7.achievement.json,1975,6000,1583539200000,4.413152,LEU3VEaDjN,909471,com.sec.android.app.shealth,com.sec.android.app.shealth,2020-03-08 04:00:01.872,1866,1b67c987-0a51-4bec-a7bc-30f973bf25d7.binning_data.json,1b67c987-0a51-4bec-a7bc-30f973bf25d7,82.57524,109,,0
2020-01-23 10:02:09.561,7291.5166,940fee7c-f50e-41fa-a10e-1b3bf0f9b376.achievement.json,8735,6000,1579737600000,1.7233737,VfS0qUERdZ,4230955,com.sec.android.app.shealth,com.sec.android.app.shealth,2020-01-24 03:00:17.134,7768,940fee7c-f50e-41fa-a10e-1b3bf0f9b376.binning_data.json,940fee7c-f50e-41fa-a10e-1b3bf0f9b376,356.70746,967,940fee7c-f50e-41fa-a10e-1b3bf0f9b376.source_info.json,0
2020-02-07 10:01:54.381,9941.835,9b27039c-c4d1-45e4-92ef-7fdb9ef2e1f7.achievement.json,11889,6000,1581033600000,1.7301457,VfS0qUERdZ,5746241,com.sec.android.app.shealth,com.sec.android.app.shealth,2020-02-08 03:27:11.468,10358,9b27039c-c4d1-45e4-92ef-7fdb9ef2e1f7.binning_data.json,9b27039c-c4d1-45e4-92ef-7fdb9ef2e1f7,492.818,1531,9b27039c-c4d1-45e4-92ef-7fdb9ef2e1f7.source_info.json,0
2020-01-29 04:00:00.672,8945.725,7f8dee1e-95e4-4c13-9696-e49f6b32aee0.achievement.json,10530,6000,1580169600000,4.8009553,LEU3VEaDjN,4958030,com.sec.android.app.shealth,com.sec.android.app.shealth,2020-01-29 04:00:00.672,9025,7f8dee1e-95e4-4c13-9696-e49f6b32aee0.binning_data.json,7f8dee1e-95e4-4c13-9696-e49f6b32aee0,448.29993,1505,,0
2020-02-04 10:01:52.598,7823.9336,c25aa5c5-2c53-4713-b3e1-7de5504b510a.achievement.json,9421,6000,1580774400000,1.7146598,VfS0qUERdZ,4562965,com.sec.android.app.shealth,com.sec.android.app.shealth,2020-02-05 03:50:37.654,8531,c25aa5c5-2c53-4713-b3e1-7de5504b510a.binning_data.json,c25aa5c5-2c53-4713-b3e1-7de5504b510a,378.7516,890,c25aa5c5-2c53-4713-b3e1-7de5504b510a.source_info.json,0
2020-03-12 10:01:27.113,4259.0835,485e1627-0e2a-4bbd-8b49-774b2f5e6a18.achievement.json,5423,6000,1583971200000,1.5597543,VfS0qUERdZ,2730612,com.sec.android.app.shealth,com.sec.android.app.shealth,2020-03-13 02:07:42.813,5353,485e1627-0e2a-4bbd-8b49-774b2f5e6a18.binning_data.json,485e1627-0e2a-4bbd-8b49-774b2f5e6a18,193.96513,70,485e1627-0e2a-4bbd-8b49-774b2f5e6a18.source_info.json,0
2020-02-07 04:00:01.909,4552.754,fee1627e-f0da-4435-945f-f4fe82111ae9.achievement.json,5544,6000,1580947200000,4.740763,LEU3VEaDjN,2845563,com.sec.android.app.shealth,com.sec.android.app.shealth,2020-02-07 04:00:01.909,5226,fee1627e-f0da-4435-945f-f4fe82111ae9.binning_data.json,fee1627e-f0da-4435-945f-f4fe82111ae9,218.65248,318,,0
2020-03-04 04:00:01.974,7580.7334,4a971efd-27eb-489a-9ae2-8f2a8e66aecb.achievement.json,9048,6000,1583193600000,3.5530467,LEU3VEaDjN,4493780,com.sec.android.app.shealth,com.sec.android.app.shealth,2020-03-04 04:00:01.974,7584,4a971efd-27eb-489a-9ae2-8f2a8e66aecb.binning_data.json,4a971efd-27eb-489a-9ae2-8f2a8e66aecb,387.57632,1464,,0
2020-01-13 10:20:43.549,7589.3535,3321d0fc-ec4d-4717-8aa4-c2f5cd9a84ec.achievement.json,8045,6000,1578873600000,2.272572,VfS0qUERdZ,3339543,com.sec.android.app.shealth,com.sec.android.app.shealth,2020-01-14 02:06:39.642,4806,3321d0fc-ec4d-4717-8aa4-c2f5cd9a84ec.binning_data.json,3321d0fc-ec4d-4717-8aa4-c2f5cd9a84ec,432.75583,3239,3321d0fc-ec4d-4717-8aa4-c2f5cd9a84ec.source_info.json,0
2020-02-26 07:49:06.891,4082.4006,c839536d-2ca1-48b1-90b9-e90d9b0f3bff.achievement.json,5146,6000,1582675200000,1.5497452,VfS0qUERdZ,2634239,com.sec.android.app.shealth,com.sec.android.app.shealth,2020-02-27 02:58:11.281,5093,c839536d-2ca1-48b1-90b9-e90d9b0f3bff.binning_data.json,c839536d-2ca1-48b1-90b9-e90d9b0f3bff,185.87302,53,c839536d-2ca1-48b1-90b9-e90d9b0f3bff.source_info.json,0
2020-02-21 10:48:28.004,8104.781,49f3060b-0ed0-4d29-9a79-ef9de0f89ae1.achievement.json,9345,6000,1582156800000,5.666764,LEU3VEaDjN,4436152,com.sec.android.app.shealth,com.sec.android.app.shealth,2020-02-21 10:48:28.004,7339,49f3060b-0ed0-4d29-9a79-ef9de0f89ae1.binning_data.json,49f3060b-0ed0-4d29-9a79-ef9de0f89ae1,425.72162,2006,,0
2020-01-28 10:01:05.816,8945.725,4997dc58-25e0-4acf-82ba-2f215f82bd42.achievement.json,10530,6000,1580169600000,1.804259,VfS0qUERdZ,4958115,com.sec.android.app.shealth,com.sec.android.app.shealth,2020-01-29 03:38:56.620,9025,4997dc58-25e0-4acf-82ba-2f215f82bd42.binning_data.json,4997dc58-25e0-4acf-82ba-2f215f82bd42,448.29993,1505,4997dc58-25e0-4acf-82ba-2f215f82bd42.source_info.json,0
2020-01-16 04:00:00.696,12335.788,77b9ab5d-72b4-4eb5-8a31-3707f424664e.achievement.json,14639,6000,1579046400000,5.2955456,LEU3VEaDjN,6767226,com.sec.android.app.shealth,com.sec.android.app.shealth,2020-01-16 04:00:00.696,12721,77b9ab5d-72b4-4eb5-8a31-3707f424664e.binning_data.json,77b9ab5d-72b4-4eb5-8a31-3707f424664e,604.0792,1918,,0
2020-03-02 04:00:17.634,3371.4602,7862e771-0cda-4bde-8123-23a41609c7e5.achievement.json,4150,6000,1583020800000,3.4722223,LEU3VEaDjN,2086287,com.sec.android.app.shealth,com.sec.android.app.shealth,2020-03-02 04:00:17.634,3995,7862e771-0cda-4bde-8123-23a41609c7e5.binning_data.json,7862e771-0cda-4bde-8123-23a41609c7e5,157.77966,155,,0
2020-02-25 10:17:52.993,4051.76,423aedd8-cf93-48bb-b77d-961d16afa74e.achievement.json,5069,6000,1582588800000,1.5064704,VfS0qUERdZ,2689571,com.sec.android.app.shealth,com.sec.android.app.shealth,2020-02-26 01:20:34.670,5009,423aedd8-cf93-48bb-b77d-961d16afa74e.binning_data.json,423aedd8-cf93-48bb-b77d-961d16afa74e,187.84831,60,423aedd8-cf93-48bb-b77d-961d16afa74e.source_info.json,0
2020-03-03 10:01:14.157,7580.7334,0cd05054-af33-450b-a993-124bdb937f6f.achievement.json,9048,6000,1583193600000,1.686914,VfS0qUERdZ,4493847,com.sec.android.app.shealth,com.sec.android.app.shealth,2020-03-04 03:04:36.735,7584,0cd05054-af33-450b-a993-124bdb937f6f.binning_data.json,0cd05054-af33-450b-a993-124bdb937f6f,387.57632,1464,0cd05054-af33-450b-a993-124bdb937f6f.source_info.json,0
2020-01-24 10:00:41.899,1828.8027,6e8a0c38-fa79-4599-875f-ad23cb8529cc.achievement.json,2336,6000,1579824000000,1.4983711,VfS0qUERdZ,1220527,com.sec.android.app.shealth,com.sec.android.app.shealth,2020-01-25 03:00:50.318,2321,6e8a0c38-fa79-4599-875f-ad23cb8529cc.binning_data.json,6e8a0c38-fa79-4599-875f-ad23cb8529cc,84.15979,15,6e8a0c38-fa79-4599-875f-ad23cb8529cc.source_info.json,0
2020-01-30 10:02:35.354,11202.593,00dcd409-484c-4105-8375-f15fd65f8fa8.achievement.json,13115,6000,1580342400000,1.8470259,VfS0qUERdZ,6065206,com.sec.android.app.shealth,com.sec.android.app.shealth,2020-01-31 04:00:02.521,11645,00dcd409-484c-4105-8375-f15fd65f8fa8.binning_data.json,00dcd409-484c-4105-8375-f15fd65f8fa8,548.6989,1470,00dcd409-484c-4105-8375-f15fd65f8fa8.source_info.json,0
2020-02-22 10:05:05.256,4877.922,3930790a-1af1-466a-8375-36d40a33a50b.achievement.json,5922,6000,1582329600000,1.6292809,VfS0qUERdZ,2993910,com.sec.android.app.shealth,com.sec.android.app.shealth,2020-02-23 03:14:53.906,5776,3930790a-1af1-466a-8375-36d40a33a50b.binning_data.json,3930790a-1af1-466a-8375-36d40a33a50b,224.57198,146,3930790a-1af1-466a-8375-36d40a33a50b.source_info.json,0
2020-02-08 10:01:44.295,3525.0564,b4059ef4-983d-4a32-b9bc-f57916144646.achievement.json,4351,6000,1581120000000,1.6027083,VfS0qUERdZ,2199437,com.sec.android.app.shealth,com.sec.android.app.shealth,2020-02-09 03:14:14.697,4285,b4059ef4-983d-4a32-b9bc-f57916144646.binning_data.json,b4059ef4-983d-4a32-b9bc-f57916144646,163.63362,66,b4059ef4-983d-4a32-b9bc-f57916144646.source_info.json,0
2020-03-12 04:00:01.944,9958.486,728427d5-f9ca-4d76-9d4c-1d1892a7f434.achievement.json,11580,6000,1583884800000,3.820239,LEU3VEaDjN,5510636,com.sec.android.app.shealth,com.sec.android.app.shealth,2020-03-12 04:00:01.944,9452,728427d5-f9ca-4d76-9d4c-1d1892a7f434.binning_data.json,728427d5-f9ca-4d76-9d4c-1d1892a7f434,515.64374,2128,,0
2020-02-27 04:00:01.784,4082.4006,b1364334-49dc-4652-8178-50e3b766562a.achievement.json,5146,6000,1582675200000,3.0491252,LEU3VEaDjN,2634189,com.sec.android.app.shealth,com.sec.android.app.shealth,2020-02-27 04:00:01.784,5093,b1364334-49dc-4652-8178-50e3b766562a.binning_data.json,b1364334-49dc-4652-8178-50e3b766562a,185.87302,53,,0
2020-03-01 04:00:01.671,3050.4888,10f7a7c0-ef6a-4424-b065-1237e885cb3a.achievement.json,3844,6000,1582934400000,2.3755863,LEU3VEaDjN,2022304,com.sec.android.app.shealth,com.sec.android.app.shealth,2020-03-01 04:00:01.671,3793,10f7a7c0-ef6a-4424-b065-1237e885cb3a.binning_data.json,10f7a7c0-ef6a-4424-b065-1237e885cb3a,140.20209,51,,0
2020-01-17 04:00:00.713,7945.3164,d5a14f11-a9b0-421c-8c03-ea6da125a263.achievement.json,9334,6000,1579132800000,3.9445543,LEU3VEaDjN,4313496,com.sec.android.app.shealth,com.sec.android.app.shealth,2020-01-17 04:00:00.713,8079,d5a14f11-a9b0-421c-8c03-ea6da125a263.binning_data.json,d5a14f11-a9b0-421c-8c03-ea6da125a263,394.79944,1255,,0
2020-01-17 10:01:05.814,6880.004,4a3737a5-9aa9-4dd4-9ca2-a140f84b14f8.achievement.json,7787,6000,1579219200000,1.9475042,VfS0qUERdZ,3532728,com.sec.android.app.shealth,com.sec.android.app.shealth,2020-01-17 21:30:43.285,5837,4a3737a5-9aa9-4dd4-9ca2-a140f84b14f8.binning_data.json,4a3737a5-9aa9-4dd4-9ca2-a140f84b14f8,367.08557,1950,4a3737a5-9aa9-4dd4-9ca2-a140f84b14f8.source_info.json,0
2020-03-13 04:00:01.842,4259.0835,ca06c2e7-8a06-4f93-bbb9-ff53debe23e3.achievement.json,5423,6000,1583971200000,2.8941178,LEU3VEaDjN,2730567,com.sec.android.app.shealth,com.sec.android.app.shealth,2020-03-13 04:00:01.842,5353,ca06c2e7-8a06-4f93-bbb9-ff53debe23e3.binning_data.json,ca06c2e7-8a06-4f93-bbb9-ff53debe23e3,193.96513,70,,0
2020-02-11 10:00:47.214,10721.095,e9642933-64c0-4051-84dd-0a460a99636a.achievement.json,12607,6000,1581379200000,1.7494323,VfS0qUERdZ,6128327,com.sec.android.app.shealth,com.sec.android.app.shealth,2020-02-12 03:48:57.659,10596,e9642933-64c0-4051-84dd-0a460a99636a.binning_data.json,e9642933-64c0-4051-84dd-0a460a99636a,546.1114,2011,e9642933-64c0-4051-84dd-0a460a99636a.source_info.json,0
2020-02-05 04:00:04.963,7823.9336,6b8946a8-2b4c-4fc1-97f7-d4e45fd87040.achievement.json,9421,6000,1580774400000,6.9444447,LEU3VEaDjN,4562886,com.sec.android.app.shealth,com.sec.android.app.shealth,2020-02-05 04:00:04.963,8531,6b8946a8-2b4c-4fc1-97f7-d4e45fd87040.binning_data.json,6b8946a8-2b4c-4fc1-97f7-d4e45fd87040,378.7516,890,,0
2020-02-08 04:00:01.182,9941.835,f93b4fd4-d718-4154-afd7-63c42376985a.achievement.json,11889,6000,1581033600000,3.6708972,LEU3VEaDjN,5746141,com.sec.android.app.shealth,com.sec.android.app.shealth,2020-02-08 04:00:01.182,10358,f93b4fd4-d718-4154-afd7-63c42376985a.binning_data.json,f93b4fd4-d718-4154-afd7-63c42376985a,492.818,1531,,0
2020-01-15 10:01:14.157,12335.788,73ca835c-efa2-4004-bd7d-92063ca39f52.achievement.json,14639,6000,1579046400000,1.8228494,VfS0qUERdZ,6767310,com.sec.android.app.shealth,com.sec.android.app.shealth,2020-01-16 03:49:20.676,12721,73ca835c-efa2-4004-bd7d-92063ca39f52.binning_data.json,73ca835c-efa2-4004-bd7d-92063ca39f52,604.0792,1918,73ca835c-efa2-4004-bd7d-92063ca39f52.source_info.json,0
2020-01-19 04:00:01.302,1877.0374,86b2f363-80da-44c2-a6c4-41205e26e0f6.achievement.json,2305,6000,1579305600000,5.6422367,LEU3VEaDjN,1169329,com.sec.android.app.shealth,com.sec.android.app.shealth,2020-01-19 04:00:01.302,2268,86b2f363-80da-44c2-a6c4-41205e26e0f6.binning_data.json,86b2f363-80da-44c2-a6c4-41205e26e0f6,87.57646,37,,0
2020-02-14 04:00:01.394,8686.485,b5a55f87-22db-4263-a24d-19e391bfc933.achievement.json,10346,6000,1581552000000,3.4331563,LEU3VEaDjN,5017729,com.sec.android.app.shealth,com.sec.android.app.shealth,2020-02-14 04:00:01.394,8776,b5a55f87-22db-4263-a24d-19e391bfc933.binning_data.json,b5a55f87-22db-4263-a24d-19e391bfc933,438.83,1570,,0
2020-03-01 04:02:51.387,3371.4602,0ca9c639-4090-42fd-80e8-754bb65bc408.achievement.json,4150,6000,1583020800000,1.6159765,VfS0qUERdZ,2086329,com.sec.android.app.shealth,com.sec.android.app.shealth,2020-03-02 03:46:00.504,3995,0ca9c639-4090-42fd-80e8-754bb65bc408.binning_data.json,0ca9c639-4090-42fd-80e8-754bb65bc408,157.77966,155,0ca9c639-4090-42fd-80e8-754bb65bc408.source_info.json,0
2020-02-09 05:14:00.616,3750.847,2a923f12-4fd2-4ff9-a13c-3ad037d152ec.achievement.json,4538,6000,1581206400000,1.7412008,VfS0qUERdZ,2154172,com.sec.android.app.shealth,com.sec.android.app.shealth,2020-02-10 03:04:40.360,4374,2a923f12-4fd2-4ff9-a13c-3ad037d152ec.binning_data.json,2a923f12-4fd2-4ff9-a13c-3ad037d152ec,174.77971,164,2a923f12-4fd2-4ff9-a13c-3ad037d152ec.source_info.json,0
2020-01-23 04:00:00.887,7099.6416,d3bc6450-1970-4f4a-af37-705d541b1e75.achievement.json,8450,6000,1579651200000,4.3288636,LEU3VEaDjN,4039863,com.sec.android.app.shealth,com.sec.android.app.shealth,2020-01-23 04:00:00.887,7371,d3bc6450-1970-4f4a-af37-705d541b1e75.binning_data.json,d3bc6450-1970-4f4a-af37-705d541b1e75,350.62433,1079,,0
2020-02-10 04:00:01.229,3750.847,c2ad00fb-54b6-49ef-87fe-3059ffbbd9f6.achievement.json,4538,6000,1581206400000,4.4741454,LEU3VEaDjN,2154120,com.sec.android.app.shealth,com.sec.android.app.shealth,2020-02-10 04:00:01.229,4374,c2ad00fb-54b6-49ef-87fe-3059ffbbd9f6.binning_data.json,c2ad00fb-54b6-49ef-87fe-3059ffbbd9f6,174.77971,164,,0
2020-02-11 04:00:01.830,5853.952,705718ef-65ca-4df3-99d9-2e3712ead6b4.achievement.json,7377,6000,1581292800000,3.1730087,LEU3VEaDjN,3876490,com.sec.android.app.shealth,com.sec.android.app.shealth,2020-02-11 04:00:01.830,7258,705718ef-65ca-4df3-99d9-2e3712ead6b4.binning_data.json,705718ef-65ca-4df3-99d9-2e3712ead6b4,271.57996,119,,0
2020-02-26 04:00:02.594,4051.76,86f5d1c6-ffc2-45de-95da-e982c57c859e.achievement.json,5069,6000,1582588800000,6.0731134,LEU3VEaDjN,2689503,com.sec.android.app.shealth,com.sec.android.app.shealth,2020-02-26 04:00:02.594,5009,86f5d1c6-ffc2-45de-95da-e982c57c859e.binning_data.json,86f5d1c6-ffc2-45de-95da-e982c57c859e,187.84831,60,,0
2020-02-23 04:28:22.518,2314.8682,70111aa2-a5f9-4d9f-8044-98f97703ca7b.achievement.json,2840,6000,1582416000000,1.6163446,VfS0qUERdZ,1432162,com.sec.android.app.shealth,com.sec.android.app.shealth,2020-02-24 03:07:00.863,2696,70111aa2-a5f9-4d9f-8044-98f97703ca7b.binning_data.json,70111aa2-a5f9-4d9f-8044-98f97703ca7b,109.623505,144,70111aa2-a5f9-4d9f-8044-98f97703ca7b.source_info.json,0
2020-01-22 10:01:32.415,7099.6416,ce8b3b76-22a6-4a33-aaaf-6ab00c0ea42c.achievement.json,8450,6000,1579651200000,1.7573717,VfS0qUERdZ,4039920,com.sec.android.app.shealth,com.sec.android.app.shealth,2020-01-23 03:03:50.326,7371,ce8b3b76-22a6-4a33-aaaf-6ab00c0ea42c.binning_data.json,ce8b3b76-22a6-4a33-aaaf-6ab00c0ea42c,350.62433,1079,ce8b3b76-22a6-4a33-aaaf-6ab00c0ea42c.source_info.json,0
2020-01-18 05:16:59.993,6880.004,89dfd14b-ddf7-4345-9a8d-1ee67f97fefe.achievement.json,7787,6000,1579219200000,3.6847198,LEU3VEaDjN,3532681,com.sec.android.app.shealth,com.sec.android.app.shealth,2020-01-18 05:16:59.993,5837,89dfd14b-ddf7-4345-9a8d-1ee67f97fefe.binning_data.json,89dfd14b-ddf7-4345-9a8d-1ee67f97fefe,367.08557,1950,,0
2020-02-28 10:10:58.432,7892.4507,764387be-4a3b-40cb-adb1-4e226ed4c910.achievement.json,9303,6000,1582848000000,1.7108568,VfS0qUERdZ,4613156,com.sec.android.app.shealth,com.sec.android.app.shealth,2020-02-29 04:00:06.256,7411,764387be-4a3b-40cb-adb1-4e226ed4c910.binning_data.json,764387be-4a3b-40cb-adb1-4e226ed4c910,415.73468,1892,764387be-4a3b-40cb-adb1-4e226ed4c910.source_info.json,0
2020-01-20 10:01:55.250,7724.002,40e3c6d9-ce83-4950-8b8a-ad8a719e0d29.achievement.json,9151,6000,1579478400000,1.775635,VfS0qUERdZ,4349994,com.sec.android.app.shealth,com.sec.android.app.shealth,2020-01-21 02:33:25.062,7875,40e3c6d9-ce83-4950-8b8a-ad8a719e0d29.binning_data.json,40e3c6d9-ce83-4950-8b8a-ad8a719e0d29,385.3321,1276,40e3c6d9-ce83-4950-8b8a-ad8a719e0d29.source_info.json,0
2020-01-16 10:08:45.825,7945.3164,3d939fac-f925-4175-976e-3d90b063eab0.achievement.json,9334,6000,1579132800000,1.841933,VfS0qUERdZ,4313574,com.sec.android.app.shealth,com.sec.android.app.shealth,2020-01-17 03:54:16.652,8079,3d939fac-f925-4175-976e-3d90b063eab0.binning_data.json,3d939fac-f925-4175-976e-3d90b063eab0,394.79944,1255,3d939fac-f925-4175-976e-3d90b063eab0.source_info.json,0
2020-02-01 04:04:43.722,3366.586,96fc487a-ec64-470a-9a48-0f0b4440fb9b.achievement.json,3996,6000,1580515200000,1.7695063,VfS0qUERdZ,1902556,com.sec.android.app.shealth,com.sec.android.app.shealth,2020-02-02 03:55:49.836,3836,96fc487a-ec64-470a-9a48-0f0b4440fb9b.binning_data.json,96fc487a-ec64-470a-9a48-0f0b4440fb9b,157.79102,160,96fc487a-ec64-470a-9a48-0f0b4440fb9b.source_info.json,0
2020-02-13 10:01:36.839,8686.485,a1f0b20d-dc4e-4d38-943e-281b0fb8ff7a.achievement.json,10346,6000,1581552000000,1.7311342,VfS0qUERdZ,5017799,com.sec.android.app.shealth,com.sec.android.app.shealth,2020-02-14 03:51:41.583,8776,a1f0b20d-dc4e-4d38-943e-281b0fb8ff7a.binning_data.json,a1f0b20d-dc4e-4d38-943e-281b0fb8ff7a,438.83,1570,a1f0b20d-dc4e-4d38-943e-281b0fb8ff7a.source_info.json,0
2020-03-03 04:01:03.202,7692.9355,3f71c825-62d3-4cd4-842f-d74c039134c2.achievement.json,9333,6000,1583107200000,6.9444447,LEU3VEaDjN,4646922,com.sec.android.app.shealth,com.sec.android.app.shealth,2020-03-03 04:01:03.202,8476,3f71c825-62d3-4cd4-842f-d74c039134c2.binning_data.json,3f71c825-62d3-4cd4-842f-d74c039134c2,375.5292,857,,0
2020-02-20 04:00:01.055,7082.9883,e5b3712f-97ef-40e0-bf11-db4b000d89f9.achievement.json,8702,6000,1582070400000,3.6756477,LEU3VEaDjN,4322144,com.sec.android.app.shealth,com.sec.android.app.shealth,2020-02-20 04:00:01.055,7995,e5b3712f-97ef-40e0-bf11-db4b000d89f9.binning_data.json,e5b3712f-97ef-40e0-bf11-db4b000d89f9,342.55713,707,,0
2020-02-03 04:00:00.876,2040.3301,f9f62f1c-3657-4a93-aac6-9ff6389c85b7.achievement.json,2503,6000,1580601600000,3.2350502,LEU3VEaDjN,1292042,com.sec.android.app.shealth,com.sec.android.app.shealth,2020-02-03 04:00:00.876,2454,f9f62f1c-3657-4a93-aac6-9ff6389c85b7.binning_data.json,f9f62f1c-3657-4a93-aac6-9ff6389c85b7,93.47424,49,,0
2020-02-27 10:00:24.373,7449.201,ff0a392d-8e3a-4803-9a86-91b268837c4a.achievement.json,9221,6000,1582761600000,1.6119412,VfS0qUERdZ,4621261,com.sec.android.app.shealth,com.sec.android.app.shealth,2020-02-28 03:45:15.356,8563,ff0a392d-8e3a-4803-9a86-91b268837c4a.binning_data.json,ff0a392d-8e3a-4803-9a86-91b268837c4a,356.93646,658,ff0a392d-8e3a-4803-9a86-91b268837c4a.source_info.json,0
2020-03-07 05:17:28.806,1707.1581,fdf0ef40-9db4-4088-8c2c-81a1827e229b.achievement.json,1975,6000,1583539200000,1.8770133,VfS0qUERdZ,909507,com.sec.android.app.shealth,com.sec.android.app.shealth,2020-03-08 02:33:51.873,1866,fdf0ef40-9db4-4088-8c2c-81a1827e229b.binning_data.json,fdf0ef40-9db4-4088-8c2c-81a1827e229b,82.57524,109,fdf0ef40-9db4-4088-8c2c-81a1827e229b.source_info.json,0
2020-01-18 11:00:17.509,1877.0374,13e78845-6751-4f58-b123-874168d473ec.achievement.json,2305,6000,1579305600000,1.6051636,VfS0qUERdZ,1169374,com.sec.android.app.shealth,com.sec.android.app.shealth,2020-01-19 00:40:11.935,2268,13e78845-6751-4f58-b123-874168d473ec.binning_data.json,13e78845-6751-4f58-b123-874168d473ec,87.57646,37,13e78845-6751-4f58-b123-874168d473ec.source_info.json,0
2020-02-23 04:00:01.221,4877.922,3c3fc739-e06f-408a-85d6-17cc2d8a8cbe.achievement.json,5922,6000,1582329600000,6.6106925,LEU3VEaDjN,2993813,com.sec.android.app.shealth,com.sec.android.app.shealth,2020-02-23 04:00:01.221,5776,3c3fc739-e06f-408a-85d6-17cc2d8a8cbe.binning_data.json,3c3fc739-e06f-408a-85d6-17cc2d8a8cbe,224.57198,146,,0
2020-03-09 04:00:01.590,5311.835,4593c384-8201-4d2a-9026-a742632acda2.achievement.json,6534,6000,1583625600000,3.7553868,LEU3VEaDjN,3166946,com.sec.android.app.shealth,com.sec.android.app.shealth,2020-03-09 04:00:01.590,6212,4593c384-8201-4d2a-9026-a742632acda2.binning_data.json,4593c384-8201-4d2a-9026-a742632acda2,247.42943,322,,0
2020-03-05 10:00:46.330,6390.217,749d48d4-98fd-431a-afce-d225603d8fd7.achievement.json,7618,6000,1583366400000,1.7541409,VfS0qUERdZ,3642932,com.sec.android.app.shealth,com.sec.android.app.shealth,2020-03-06 03:01:02.472,6452,749d48d4-98fd-431a-afce-d225603d8fd7.binning_data.json,749d48d4-98fd-431a-afce-d225603d8fd7,322.28177,1166,749d48d4-98fd-431a-afce-d225603d8fd7.source_info.json,0
2020-02-24 04:00:01.485,2314.8682,eb2a6424-4c62-4ad8-9e16-0b5f15bd314c.achievement.json,2840,6000,1582416000000,3.1446319,LEU3VEaDjN,1432117,com.sec.android.app.shealth,com.sec.android.app.shealth,2020-02-24 04:00:01.485,2696,eb2a6424-4c62-4ad8-9e16-0b5f15bd314c.binning_data.json,eb2a6424-4c62-4ad8-9e16-0b5f15bd314c,109.623505,144,,0
2020-01-24 04:00:00.738,7291.5166,9d11f8bd-6a30-422c-9320-51d063c70bd5.achievement.json,8735,6000,1579737600000,4.2528424,LEU3VEaDjN,4230882,com.sec.android.app.shealth,com.sec.android.app.shealth,2020-01-24 04:00:00.738,7768,9d11f8bd-6a30-422c-9320-51d063c70bd5.binning_data.json,9d11f8bd-6a30-422c-9320-51d063c70bd5,356.70746,967,,0
2020-02-02 04:11:56.766,2040.3301,cc0e3b87-4dc3-40cb-b758-6aaa464cd120.achievement.json,2503,6000,1580601600000,1.5791059,VfS0qUERdZ,1292079,com.sec.android.app.shealth,com.sec.android.app.shealth,2020-02-03 03:15:19.893,2454,cc0e3b87-4dc3-40cb-b758-6aaa464cd120.binning_data.json,cc0e3b87-4dc3-40cb-b758-6aaa464cd120,93.47424,49,cc0e3b87-4dc3-40cb-b758-6aaa464cd120.source_info.json,0
2020-02-03 10:03:43.168,7922.385,9d9dfe2d-45b5-48d6-af90-732fb30bc2dc.achievement.json,9306,6000,1580688000000,1.7915549,VfS0qUERdZ,4422071,com.sec.android.app.shealth,com.sec.android.app.shealth,2020-02-04 03:07:32.746,7667,9d9dfe2d-45b5-48d6-af90-732fb30bc2dc.binning_data.json,9d9dfe2d-45b5-48d6-af90-732fb30bc2dc,404.1256,1639,9d9dfe2d-45b5-48d6-af90-732fb30bc2dc.source_info.json,0
2020-01-19 13:08:58.473,700.3379,c36ff175-0a9c-4a05-bf36-e77a1edb6499.achievement.json,856,6000,1579392000000,1.6106608,VfS0qUERdZ,434813,com.sec.android.app.shealth,com.sec.android.app.shealth,2020-01-20 02:58:36.193,832,c36ff175-0a9c-4a05-bf36-e77a1edb6499.binning_data.json,c36ff175-0a9c-4a05-bf36-e77a1edb6499,33.448776,24,c36ff175-0a9c-4a05-bf36-e77a1edb6499.source_info.json,0
2020-02-13 04:00:01.623,9624.491,94850ac9-eff0-4c2a-9b56-a9a77f381446.achievement.json,11729,6000,1581465600000,5.423745,LEU3VEaDjN,5831624,com.sec.android.app.shealth,com.sec.android.app.shealth,2020-02-13 04:00:01.623,10334,94850ac9-eff0-4c2a-9b56-a9a77f381446.binning_data.json,94850ac9-eff0-4c2a-9b56-a9a77f381446,476.39578,1395,,0
2020-03-06 10:01:13.993,6809.635,4c545639-0a27-4a47-9109-96e23b270a97.achievement.json,7644,6000,1583452800000,1.9401855,VfS0qUERdZ,3509785,com.sec.android.app.shealth,com.sec.android.app.shealth,2020-03-07 01:12:37.479,5767,4c545639-0a27-4a47-9109-96e23b270a97.binning_data.json,4c545639-0a27-4a47-9109-96e23b270a97,363.68924,1877,4c545639-0a27-4a47-9109-96e23b270a97.source_info.json,0
2020-01-21 04:00:01.132,7724.002,0ec874d0-ba3b-4ba2-9293-90b830d42d91.achievement.json,9151,6000,1579478400000,3.7104855,LEU3VEaDjN,4349935,com.sec.android.app.shealth,com.sec.android.app.shealth,2020-01-21 04:00:01.132,7875,0ec874d0-ba3b-4ba2-9293-90b830d42d91.binning_data.json,0ec874d0-ba3b-4ba2-9293-90b830d42d91,385.3321,1276,,0
2020-02-18 10:01:37.885,8432.294,edfef16d-056e-4f9d-a2f2-42c90ae6b89c.achievement.json,10201,6000,1581984000000,1.7285128,VfS0qUERdZ,4878352,com.sec.android.app.shealth,com.sec.android.app.shealth,2020-02-19 04:00:09.495,8930,edfef16d-056e-4f9d-a2f2-42c90ae6b89c.binning_data.json,edfef16d-056e-4f9d-a2f2-42c90ae6b89c,418.66907,1271,edfef16d-056e-4f9d-a2f2-42c90ae6b89c.source_info.json,0
2020-02-28 04:00:02.151,7449.201,22d290ae-064a-4550-a73f-99968658f5ff.achievement.json,9221,6000,1582761600000,3.9446764,LEU3VEaDjN,4621189,com.sec.android.app.shealth,com.sec.android.app.shealth,2020-02-28 04:00:02.151,8563,22d290ae-064a-4550-a73f-99968658f5ff.binning_data.json,22d290ae-064a-4550-a73f-99968658f5ff,356.93646,658,,0
2020-02-12 04:00:14.608,10721.095,77eac9e4-95af-4611-8f28-7cfb61ce63d1.achievement.json,12607,6000,1581379200000,3.9871526,LEU3VEaDjN,6128231,com.sec.android.app.shealth,com.sec.android.app.shealth,2020-02-12 04:00:14.608,10596,77eac9e4-95af-4611-8f28-7cfb61ce63d1.binning_data.json,77eac9e4-95af-4611-8f28-7cfb61ce63d1,546.1114,2011,,0
2020-03-10 10:02:16.503,5635.875,73edd32f-845a-4825-9a22-dff01e4d0228.achievement.json,7154,6000,1583798400000,1.5559742,VfS0qUERdZ,3622087,com.sec.android.app.shealth,com.sec.android.app.shealth,2020-03-11 03:26:31.070,6947,73edd32f-845a-4825-9a22-dff01e4d0228.binning_data.json,73edd32f-845a-4825-9a22-dff01e4d0228,260.58807,207,73edd32f-845a-4825-9a22-dff01e4d0228.source_info.json,0
2020-02-15 04:00:01.435,9262.737,6c15104b-8e16-41b5-9b7c-1f0559823e42.achievement.json,10986,6000,1581638400000,6.9444447,LEU3VEaDjN,5209812,com.sec.android.app.shealth,com.sec.android.app.shealth,2020-02-15 04:00:01.435,9308,6c15104b-8e16-41b5-9b7c-1f0559823e42.binning_data.json,6c15104b-8e16-41b5-9b7c-1f0559823e42,464.84207,1678,,0
2020-02-09 04:00:02.141,3525.0564,83d641a7-f629-4067-a2e0-b4bd6bdab06e.achievement.json,4351,6000,1581120000000,5.150372,LEU3VEaDjN,2199368,com.sec.android.app.shealth,com.sec.android.app.shealth,2020-02-09 04:00:02.141,4285,83d641a7-f629-4067-a2e0-b4bd6bdab06e.binning_data.json,83d641a7-f629-4067-a2e0-b4bd6bdab06e,163.63362,66,,0
2020-01-31 04:00:01.836,11202.593,dd0e6876-c683-4428-bfe4-879895dc6298.achievement.json,13115,6000,1580342400000,3.7504349,LEU3VEaDjN,6065094,com.sec.android.app.shealth,com.sec.android.app.shealth,2020-01-31 04:00:01.836,11645,dd0e6876-c683-4428-bfe4-879895dc6298.binning_data.json,dd0e6876-c683-4428-bfe4-879895dc6298,548.6989,1470,,0
2020-01-28 04:00:01.606,9282.649,e0c0792d-2898-4cd4-8036-4e8d324b3eff.achievement.json,11127,6000,1580083200000,6.1291223,LEU3VEaDjN,5363529,com.sec.android.app.shealth,com.sec.android.app.shealth,2020-01-28 04:00:01.606,9979,e0c0792d-2898-4cd4-8036-4e8d324b3eff.binning_data.json,e0c0792d-2898-4cd4-8036-4e8d324b3eff,448.6995,1148,,0
2020-01-25 04:00:01.153,1828.8027,46cffa31-adae-40ca-a7a5-3e78fe265f73.achievement.json,2336,6000,1579824000000,3.3464277,LEU3VEaDjN,1220502,com.sec.android.app.shealth,com.sec.android.app.shealth,2020-01-25 04:00:01.153,2321,46cffa31-adae-40ca-a7a5-3e78fe265f73.binning_data.json,46cffa31-adae-40ca-a7a5-3e78fe265f73,84.15979,15,,0
2020-03-08 04:28:25.494,5311.835,28f4ec37-3fd8-42ba-8c8f-1996756c5bd9.achievement.json,6534,6000,1583625600000,1.677239,VfS0qUERdZ,3167011,com.sec.android.app.shealth,com.sec.android.app.shealth,2020-03-09 03:32:16.125,6212,28f4ec37-3fd8-42ba-8c8f-1996756c5bd9.binning_data.json,28f4ec37-3fd8-42ba-8c8f-1996756c5bd9,247.42943,322,28f4ec37-3fd8-42ba-8c8f-1996756c5bd9.source_info.json,0
2020-02-06 09:21:18.808,4552.754,466459cf-86a8-45f5-9173-dff1932f4a61.achievement.json,5544,6000,1580947200000,1.5999033,VfS0qUERdZ,2845643,com.sec.android.app.shealth,com.sec.android.app.shealth,2020-02-07 02:24:11.118,5226,466459cf-86a8-45f5-9173-dff1932f4a61.binning_data.json,466459cf-86a8-45f5-9173-dff1932f4a61,218.65248,318,466459cf-86a8-45f5-9173-dff1932f4a61.source_info.json,0
2020-02-12 10:02:23.149,9624.491,f75f3ccf-cbff-4a31-b063-3d7dadcd8b0c.achievement.json,11729,6000,1581465600000,1.6503743,VfS0qUERdZ,5831701,com.sec.android.app.shealth,com.sec.android.app.shealth,2020-02-13 02:48:02.188,10334,f75f3ccf-cbff-4a31-b063-3d7dadcd8b0c.binning_data.json,f75f3ccf-cbff-4a31-b063-3d7dadcd8b0c,476.39578,1395,f75f3ccf-cbff-4a31-b063-3d7dadcd8b0c.source_info.json,0
2020-01-30 04:00:01.106,14461.756,85994975-82ba-496f-852c-65622a872527.achievement.json,16442,6000,1580256000000,5.253208,LEU3VEaDjN,7286312,com.sec.android.app.shealth,com.sec.android.app.shealth,2020-01-30 04:00:01.106,13251,85994975-82ba-496f-852c-65622a872527.binning_data.json,85994975-82ba-496f-852c-65622a872527,735.43396,3191,,0
2020-02-18 04:00:01.783,7899.296,863c45f7-ca78-4acc-b95e-4d429d6f01d6.achievement.json,9745,6000,1581897600000,4.085977,LEU3VEaDjN,4899390,com.sec.android.app.shealth,com.sec.android.app.shealth,2020-02-18 04:00:01.783,8937,863c45f7-ca78-4acc-b95e-4d429d6f01d6.binning_data.json,863c45f7-ca78-4acc-b95e-4d429d6f01d6,381.4127,808,,0
2020-02-20 10:01:55.835,8104.781,b1d60159-6893-4e1d-8251-ab7de70a4e39.achievement.json,9345,6000,1582156800000,1.8269565,VfS0qUERdZ,4436219,com.sec.android.app.shealth,com.sec.android.app.shealth,2020-02-21 01:38:57.115,7339,b1d60159-6893-4e1d-8251-ab7de70a4e39.binning_data.json,b1d60159-6893-4e1d-8251-ab7de70a4e39,425.72162,2006,b1d60159-6893-4e1d-8251-ab7de70a4e39.source_info.json,0
2020-02-15 10:01:44.058,4929.4766,6579fe44-a0e7-4d31-bff7-90d3778ebc19.achievement.json,6066,6000,1581724800000,1.661052,VfS0qUERdZ,2967683,com.sec.android.app.shealth,com.sec.android.app.shealth,2020-02-16 02:11:53.659,5937,6579fe44-a0e7-4d31-bff7-90d3778ebc19.binning_data.json,6579fe44-a0e7-4d31-bff7-90d3778ebc19,227.0694,129,6579fe44-a0e7-4d31-bff7-90d3778ebc19.source_info.json,0
2020-03-10 04:00:01.333,7378.3213,6caae607-4e25-4824-ba56-8b5be1ddd362.achievement.json,9478,6000,1583712000000,6.9444447,LEU3VEaDjN,4979886,com.sec.android.app.shealth,com.sec.android.app.shealth,2020-03-10 04:00:01.333,9460,6caae607-4e25-4824-ba56-8b5be1ddd362.binning_data.json,6caae607-4e25-4824-ba56-8b5be1ddd362,337.54654,18,,0
2020-01-14 04:00:01.191,7589.3535,dfe42419-8554-4eb3-b7bc-c4a26e726b54.achievement.json,8045,6000,1578873600000,6.9444447,LEU3VEaDjN,3339502,com.sec.android.app.shealth,com.sec.android.app.shealth,2020-01-14 04:00:01.191,4806,dfe42419-8554-4eb3-b7bc-c4a26e726b54.binning_data.json,dfe42419-8554-4eb3-b7bc-c4a26e726b54,432.75583,3239,,0
2020-01-27 10:00:30.447,9282.649,3c9b26fa-5ec5-463b-8cb0-833a7e898762.achievement.json,11127,6000,1580083200000,1.73067,VfS0qUERdZ,5363616,com.sec.android.app.shealth,com.sec.android.app.shealth,2020-01-28 02:08:25.026,9979,3c9b26fa-5ec5-463b-8cb0-833a7e898762.binning_data.json,3c9b26fa-5ec5-463b-8cb0-833a7e898762,448.6995,1148,3c9b26fa-5ec5-463b-8cb0-833a7e898762.source_info.json,0
